epoch,loss,mae,val_loss,val_mae
0,0.01623120903968811,0.09075190126895905,0.016047446057200432,0.08986244350671768
